id	message
ABOUT_TOO_LONG	Teks about/bio yang diberikan terlalu panjang.
ACCESS_TOKEN_EXPIRED	Token bot telah kedaluwarsa.
ACCESS_TOKEN_INVALID	Token akses bot tidak valid.
ADDRESS_INVALID	Alamat titik geografis yang ditentukan tidak valid.
ADMINS_TOO_MUCH	Obrolan memiliki terlalu banyak administrator.
ADMIN_ID_INVALID	ID admin yang ditentukan tidak valid.
ADMIN_RANK_EMOJI_NOT_ALLOWED	Emoji tidak diperbolehkan dalam gelar khusus administrator.
ADMIN_RANK_INVALID	Gelar khusus administrator tidak valid atau terlalu panjang.
ADMIN_RIGHTS_EMPTY	Konstruktor chatAdminRights yang diteruskan di keyboardButtonRequestPeer.peer_type.user_admin_rights tidak memiliki hak yang ditetapkan (misalnya, flag bernilai 0).
ALBUM_PHOTOS_TOO_MANY	Terlalu banyak foto yang disertakan dalam album.
API_ID_INVALID	Kombinasi api_id/api_hash tidak valid.
API_ID_PUBLISHED_FLOOD	Anda menggunakan kunci API yang dibatasi di server karena telah dipublikasikan di suatu tempat.
ARTICLE_TITLE_EMPTY	Judul artikel kosong.
AUDIO_CONTENT_URL_EMPTY	URL jarak jauh yang ditentukan di bidang konten kosong.
AUDIO_TITLE_EMPTY	Atribut judul audio kosong.
AUTH_BYTES_INVALID	Bytes otorisasi tidak valid.
AUTH_TOKEN_ALREADY_ACCEPTED	Token otorisasi sudah digunakan.
AUTH_TOKEN_EXCEPTION	Terjadi kesalahan saat mengimpor token otorisasi.
AUTH_TOKEN_EXPIRED	Token otorisasi yang diberikan telah kedaluwarsa dan kode QR yang diperbarui harus dipindai ulang.
AUTH_TOKEN_INVALID	Token otorisasi yang tidak valid diberikan.
AUTH_TOKEN_INVALID2	Token otorisasi yang tidak valid diberikan.
AUTH_TOKEN_INVALIDX	Token otorisasi yang ditentukan tidak valid.
AUTOARCHIVE_NOT_AVAILABLE	Fitur ini belum diaktifkan untuk akun Anda karena belum menerima banyak pesan pribadi dari orang asing.
BALANCE_TOO_LOW	Saldo bintang Anda terlalu rendah.
BANK_CARD_NUMBER_INVALID	Nomor kartu kredit tidak valid.
BANNED_RIGHTS_INVALID	Set batasan yang Anda berikan tidak valid.
BASE_PORT_LOC_INVALID	Port lokasi dasar tidak valid.
BIRTHDAY_INVALID	Usia harus kurang dari 150 tahun di Telegram.
BOOSTS_EMPTY	Boost kosong.
BOOSTS_REQUIRED	Boost diperlukan.
BOOST_NOT_MODIFIED	Anda sudah [melakukan boost](https://core.telegram.org/api/boost) pada channel yang ditentukan.
BOOST_PEER_INVALID	`boost_peer` yang ditentukan tidak valid.
BOTS_TOO_MUCH	Obrolan memiliki terlalu banyak bot.
BOT_APP_INVALID	Aplikasi bot yang ditentukan tidak valid.
BOT_APP_SHORTNAME_INVALID	Nama pendek aplikasi bot yang ditentukan tidak valid.
BOT_CHANNELS_NA	Bot tidak bisa mengedit hak admin.
BOT_COMMAND_DESCRIPTION_INVALID	Deskripsi perintah kosong, terlalu panjang, atau mengandung karakter tidak valid.
BOT_COMMAND_INVALID	Perintah yang ditentukan tidak valid.
BOT_DOMAIN_INVALID	Domain yang digunakan untuk tombol autentikasi tidak cocok dengan yang dikonfigurasi di @BotFather.
BOT_GAMES_DISABLED	Game bot tidak bisa digunakan di jenis obrolan ini.
BOT_GROUPS_BLOCKED	Bot ini tidak bisa ditambahkan ke grup.
BOT_INLINE_DISABLED	Fitur inline bot dinonaktifkan.
BOT_INVALID	Ini bukan bot yang valid.
BOT_METHOD_INVALID	Metode ini tidak bisa digunakan oleh bot.
BOT_MISSING	Metode ini hanya bisa dijalankan oleh bot.
BOT_ONESIDE_NOT_AVAIL	Bot tidak bisa menyematkan pesan hanya untuk satu sisi dalam obrolan pribadi.
BOT_PAYMENTS_DISABLED	Metode ini hanya bisa dijalankan oleh bot.
BOT_POLLS_DISABLED	Mengirim polling oleh bot telah dinonaktifkan.
BOT_RESPONSE_TIMEOUT	Bot tidak menjawab kueri callback tepat waktu.
BOT_SCORE_NOT_MODIFIED	Skor bot tidak dimodifikasi.
BOT_WEBVIEW_DISABLED	Webview tidak dapat dibuka dalam kondisi yang ditentukan: diterbitkan misalnya jika `from_bot_menu` atau `url` diatur dan `peer` bukan obrolan dengan bot.
BROADCAST_CALLS_DISABLED	Panggilan siaran dinonaktifkan.
BROADCAST_ID_INVALID	Channel tidak valid.
BROADCAST_PUBLIC_VOTERS_FORBIDDEN	Polling dengan pemilih publik tidak bisa dikirim di channel.
BROADCAST_REQUIRED	Penggunaannya hanya untuk channel.
BUTTON_DATA_INVALID	Data tombol callback tidak valid atau terlalu besar.
BUTTON_ID_INVALID	Parameter button_id tidak valid.
BUTTON_TEXT_INVALID	Teks tombol yang ditentukan tidak valid.
BUTTON_TYPE_INVALID	Jenis salah satu tombol yang Anda berikan tidak valid.
BUTTON_URL_INVALID	URL tombol tidak valid.
BUTTON_USER_INVALID	user_id yang diteruskan ke inputKeyboardButtonUserProfile tidak valid.
BUTTON_USER_PRIVACY_RESTRICTED	Pengaturan privasi pengguna yang ditentukan di tombol keyboard tidak memungkinkan pembuatan tombol tersebut.
CALL_ALREADY_ACCEPTED	Panggilan sudah diterima.
CALL_ALREADY_DECLINED	Panggilan sudah ditolak.
CALL_OCCUPY_FAILED	Panggilan gagal karena pengguna sudah melakukan panggilan lain.
CALL_PEER_INVALID	Objek panggilan yang disediakan tidak valid.
CALL_PROTOCOL_FLAGS_INVALID	Flag protokol panggilan tidak valid.
CDN_METHOD_INVALID	Metode ini tidak dapat digunakan di CDN DC.
CHANNELS_ADMIN_LOCATED_TOO_MUCH	Pengguna telah mencapai batas jumlah geogroup publik.
CHANNELS_ADMIN_PUBLIC_TOO_MUCH	Anda adalah administrator dari terlalu banyak channel publik.
CHANNELS_TOO_MUCH	Anda telah bergabung dengan terlalu banyak channel atau supergrup, tinggalkan beberapa dan coba lagi.
CHANNEL_ADD_INVALID	Error internal.
CHANNEL_BANNED	Channel diblokir.
CHANNEL_FORUM_MISSING	Forum channel hilang.
CHANNEL_ID_INVALID	ID supergrup yang ditentukan tidak valid.
CHANNEL_INVALID	Parameter channel tidak valid.
CHANNEL_PARICIPANT_MISSING	Pengguna saat ini tidak ada di channel.
CHANNEL_PRIVATE	Channel/supergrup tidak dapat diakses.
CHANNEL_TOO_BIG	Channel terlalu besar.
CHANNEL_TOO_LARGE	Channel terlalu besar.
CHARGE_ALREADY_REFUNDED	ID tagihan sudah digunakan untuk pengembalian dana.
CHARGE_NOT_FOUND	ID tagihan tidak ditemukan.
CHATLISTS_TOO_MUCH	Akun Anda memiliki terlalu banyak daftar obrolan.
CHATLIST_EXCLUDE_INVALID	`exclude_peers` yang ditentukan tidak valid.
CHAT_ABOUT_NOT_MODIFIED	Teks about obrolan tidak diubah karena Anda mencoba mengeditnya menggunakan konten yang sama.
CHAT_ABOUT_TOO_LONG	Teks about obrolan terlalu panjang.
CHAT_ADMIN_REQUIRED	Metode ini membutuhkan hak admin obrolan.
CHAT_DISCUSSION_UNALLOWED	Diskusi obrolan tidak diizinkan.
CHAT_FORWARDS_RESTRICTED	Obrolan membatasi penerusan konten.
CHAT_ID_EMPTY	ID obrolan yang diberikan kosong.
CHAT_ID_INVALID	ID obrolan yang digunakan tidak valid atau belum dikenal. Pastikan Anda melihat obrolan sebelum berinteraksi dengannya.
CHAT_INVALID	Obrolan tidak valid.
CHAT_INVITE_PERMANENT	Link undangan obrolan bersifat permanen.
CHAT_LINK_EXISTS	Tindakan gagal karena supergrup terhubung dengan channel.
CHAT_NOT_MODIFIED	Pengaturan obrolan (judul, izin, foto, dll.) tidak diubah karena Anda mencoba mengeditnya dengan konten yang sama.
CHAT_PUBLIC_REQUIRED	Anda hanya bisa mengaktifkan permintaan bergabung di grup publik.
CHAT_RESTRICTED	Obrolan dibatasi dan tidak dapat digunakan.
CHAT_REVOKE_DATE_UNSUPPORTED	`min_date` dan `max_date` tidak tersedia untuk digunakan dengan peers non-pengguna.
CHAT_SEND_INLINE_FORBIDDEN	Anda tidak bisa menggunakan bot inline untuk mengirim pesan di obrolan ini.
CHAT_TITLE_EMPTY	Judul obrolan kosong.
CHAT_TOO_BIG	Obrolan terlalu besar untuk aksi ini.
CODE_EMPTY	Kode yang diberikan kosong.
CODE_HASH_INVALID	Kode hash yang diberikan tidak valid.
CODE_INVALID	Kode yang diberikan tidak valid (misalnya, dari email).
COLOR_INVALID	Warna yang diberikan tidak valid.
CONNECTION_API_ID_INVALID	ID API yang diberikan tidak valid.
CONNECTION_APP_VERSION_EMPTY	Versi aplikasi kosong.
CONNECTION_DEVICE_MODEL_EMPTY	Model perangkat kosong.
CONNECTION_LANG_PACK_INVALID	Paket bahasa yang ditentukan tidak valid.
CONNECTION_LAYER_INVALID	Layer koneksi tidak valid. Panggilan InvokeWithLayer-InitConnection hilang.
CONNECTION_NOT_INITED	Koneksi tidak diinisialisasi.
CONNECTION_SYSTEM_EMPTY	Koneksi ke sistem kosong.
CONNECTION_SYSTEM_LANG_CODE_EMPTY	Kode bahasa sistem kosong.
CONTACT_ADD_MISSING	Kontak yang akan ditambahkan hilang.
CONTACT_ID_INVALID	ID kontak yang diberikan tidak valid.
CONTACT_MISSING	Pengguna yang ditentukan bukan kontak.
CONTACT_NAME_EMPTY	Nama kontak yang diberikan kosong.
CONTACT_REQ_MISSING	Pemintaan kontak hilang.
CREATE_CALL_FAILED	Terjadi kesalahan saat membuat panggilan.
CURRENCY_TOTAL_AMOUNT_INVALID	Jumlah total semua harga tidak valid.
CUSTOM_REACTIONS_TOO_MANY	Terlalu banyak reaksi khusus yang ditentukan.
DATA_INVALID	Data yang dienkripsi tidak valid.
DATA_JSON_INVALID	Data JSON yang diberikan tidak valid.
DATA_TOO_LONG	Data terlalu panjang.
DATE_EMPTY	Argumen tanggal kosong.
DC_ID_INVALID	Parameter dc_id tidak valid.
DH_G_A_INVALID	Parameter g_a tidak valid.
DOCUMENT_INVALID	Dokumen tidak valid.
EMAIL_HASH_EXPIRED	Hash email kedaluwarsa dan tidak dapat digunakan untuk memverifikasi.
EMAIL_INVALID	Email yang diberikan tidak valid.
EMAIL_NOT_ALLOWED	Email ini tidak diperbolehkan.
EMAIL_NOT_SETUP	Untuk mengubah email login dengan emailVerifyPurposeLoginChange, email login yang ada harus diatur terlebih dahulu menggunakan emailVerifyPurposeLoginSetup.
EMAIL_UNCONFIRMED	Email tidak dikonfirmasi.
EMAIL_UNCONFIRMED_X	Email yang diberikan tidak dikonfirmasi, {value} adalah panjang kode verifikasi yang baru dikirim.
EMAIL_VERIFY_EXPIRED	Email verifikasi sudah expired
EMOJI_INVALID	Emoji tema yang ditentukan tidak valid.
EMOJI_MARKUP_INVALID	`video_emoji_markup` yang ditentukan tidak valid.
EMOJI_NOT_MODIFIED	Tema tidak berubah.
EMOTICON_EMPTY	Parameter emotikon kosong.
EMOTICON_INVALID	Parameter emotikon tidak valid.
EMOTICON_STICKERPACK_MISSING	Paket stiker emotikon yang Anda coba dapatkan tidak ditemukan.
ENCRYPTED_MESSAGE_INVALID	Pesan ikatan khusus (bind_auth_key_inner) berisi data yang tidak valid.
ENCRYPTION_ALREADY_ACCEPTED	Obrolan rahasia sudah diterima.
ENCRYPTION_ALREADY_DECLINED	Obrolan rahasia sudah ditolak.
ENCRYPTION_DECLINED	Obrolan rahasia ditolak.
ENCRYPTION_ID_INVALID	ID obrolan rahasia yang diberikan tidak valid.
ENTITIES_TOO_LONG	Entity yang diberikan mengandung data terlalu panjang, atau Anda meneruskan terlalu banyak entitas ke pesan ini.
ENTITY_BOUNDS_INVALID	Batas entitas pesan tidak valid.
ENTITY_MENTION_USER_INVALID	Entity yang disebutkan bukan pengguna.
ERROR_TEXT_EMPTY	Pesan error yang diberikan kosong.
EXPIRE_DATE_INVALID	Tanggal kedaluwarsa tidak valid.
EXPIRE_FORBIDDEN	Kedaluwarsa tidak diperbolehkan.
EXPORT_CARD_INVALID	Kartu yang diberikan tidak valid.
EXTENDED_MEDIA_AMOUNT_INVALID	Jumlah maksimum `star_count` harus kurang dari `stars_paid_post_amount_max` [parameter konfigurasi klien](/api/config).
EXTENDED_MEDIA_PEER_INVALID	Jenis obrolan yang ditentukan tidak valid.
EXTENDED_MEDIA_TYPE_INVALID	Jenis media yang diperpanjang tidak didukung.
EXTERNAL_URL_INVALID	URL media eksternal tidak valid.
FIELD_NAME_EMPTY	Field dengan nama FIELD_NAME hilang.
FIELD_NAME_INVALID	Field dengan nama FIELD_NAME tidak valid.
FILE_CONTENT_TYPE_INVALID	Tipe konten file tidak valid.
FILE_EMTPY	File kosong diberikan.
FILE_ID_INVALID	ID file tidak valid.
FILE_MIGRATE_X	File berada di Pusat Data No. {value}.
FILE_PARTS_INVALID	Jumlah bagian file tidak valid.
FILE_PART_0_MISSING	Bagian file 0 hilang.
FILE_PART_EMPTY	Bagian file yang dikirim kosong.
FILE_PART_INVALID	Nomor bagian file tidak valid.
FILE_PART_LENGTH_INVALID	Panjang bagian file tidak valid.
FILE_PART_SIZE_CHANGED	Ukuran bagian berbeda dari ukuran salah satu bagian sebelumnya di file yang sama.
FILE_PART_SIZE_INVALID Ukuran bagian file tidak valid
FILE_PART_TOO_BIG Ukuran batas untuk konten bagian file telah terlampaui
FILE_PART_X_MISSING Bagian {value} dari file hilang dari penyimpanan
FILE_REFERENCE_EMPTY Referensi file kosong, Anda harus mendapatkan yang valid dengan mengambil pesan dari konteks asal
FILE_REFERENCE_EXPIRED Referensi file kadaluarsa, Anda harus mendapatkan yang valid dengan mengambil pesan dari konteks asal
FILE_REFERENCE_INVALID Referensi file tidak valid, Anda harus mendapatkan yang valid dengan mengambil pesan dari konteks asal
FILE_TITLE_EMPTY Judul file kosong telah ditentukan
FILE_TOKEN_INVALID Token file yang ditentukan tidak valid.
FILTER_ID_INVALID ID filter yang ditentukan tidak valid
FILTER_INCLUDE_EMPTY Penyertaan filter kosong
FILTER_NOT_SUPPORTED Filter yang ditentukan tidak dapat digunakan dalam konteks ini
FILTER_TITLE_EMPTY Field judul filter kosong
FIRSTNAME_INVALID Nama depan tidak valid
FOLDER_ID_EMPTY Folder yang Anda coba hapus sudah kosong
FOLDER_ID_INVALID ID folder tidak valid
FORM_ID_EXPIRED ID yang ditentukan telah kadaluarsa.
FORUM_ENABLED Anda tidak dapat melakukan aksi yang ditentukan karena grup adalah [forum](https://core.telegram.org/api/forum), nonaktifkan fungsi forum untuk melanjutkan.
FRESH_CHANGE_ADMINS_FORBIDDEN Anda tidak dapat mengubah pengaturan administrator di obrolan ini karena sesi Anda baru saja masuk
FROM_MESSAGE_BOT_DISABLED Bot tidak dapat menggunakan konstruktor min fromMessage
FROM_PEER_INVALID Nilai peer dari tidak valid
GAME_BOT_INVALID Anda tidak dapat mengirim permainan itu dengan bot saat ini
GENERAL_MODIFY_ICON_FORBIDDEN Anda tidak dapat mengubah ikon topik "Umum".
GEO_POINT_INVALID Titik geo yang diberikan tidak valid
GIFT_SLUG_EXPIRED Slug hadiah telah kadaluarsa
GIFT_SLUG_INVALID Slug yang ditentukan tidak valid.
GIF_CONTENT_TYPE_INVALID Jenis konten GIF tidak valid
GIF_ID_INVALID ID gif/animasi yang diberikan tidak valid
GRAPH_EXPIRED_RELOAD Grafik ini telah kadaluarsa, silakan peroleh token grafik baru
GRAPH_INVALID_RELOAD Token grafik tidak valid yang diberikan, silakan muat ulang statistik dan berikan token yang diperbarui
GRAPH_OUTDATED_RELOAD Data grafik sudah usang
GROUPCALL_ALREADY_DISCARDED Panggilan grup sudah dibatalkan
GROUPCALL_FORBIDDEN Panggilan grup sudah berakhir.
GROUPCALL_INVALID Panggilan grup yang ditentukan tidak valid
GROUPCALL_JOIN_MISSING Anda belum bergabung dengan panggilan grup ini
GROUPCALL_NOT_MODIFIED Pengaturan panggilan grup tidak diubah
GROUPCALL_SSRC_DUPLICATE_MUCH Terlalu banyak duplikat sumber sinkronisasi panggilan grup
GROUPED_MEDIA_INVALID Album berisi media yang tidak valid
GROUP_CALL_INVALID Panggilan grup tidak valid
HASH_INVALID Hash yang diberikan tidak valid
HIDE_REQUESTER_MISSING Permintaan bergabung hilang atau sudah ditangani
IMAGE_PROCESS_FAILED Server gagal memproses gambar Anda
IMPORT_FILE_INVALID File yang diimpor tidak valid
IMPORT_FORMAT_UNRECOGNIZED Format yang diimpor tidak dikenali
IMPORT_ID_INVALID ID impor tidak valid
IMPORT_TOKEN_INVALID Token yang ditentukan tidak valid.
INLINE_RESULT_EXPIRED Kuery bot inline telah kadaluarsa
INPUT_CHATLIST_INVALID Folder yang ditentukan tidak valid.
INPUT_CONSTRUCTOR_INVALID Konstruktor yang diberikan tidak valid
INPUT_FETCH_ERROR Terjadi kesalahan saat mendeserialisasi parameter TL
INPUT_FETCH_FAIL Gagal mendeserialisasi payload TL
INPUT_FILTER_INVALID Filter tidak valid untuk kueri ini
INPUT_LAYER_INVALID Layer yang diberikan tidak valid
INPUT_METHOD_INVALID Metode yang dipanggil tidak valid dalam skema saat ini
INPUT_REQUEST_TOO_LONG Permintaan input terlalu panjang
INPUT_TEXT_EMPTY Teks yang ditentukan kosong
INPUT_TEXT_TOO_LONG Teks yang ditentukan terlalu panjang.
INPUT_USER_DEACTIVATED Pengguna target telah dihapus/dinonaktifkan
INVITES_TOO_MUCH Jumlah maksimum undangan per-folder yang ditentukan oleh parameter konfigurasi klien `chatlist_invites_limit_default`/`chatlist_invites_limit_premium` [tidak dapat dicapai](/api/config#chatlist-invites-limit-default).
INVITE_FORBIDDEN_WITH_JOINAS Jika pengguna telah bergabung secara anonim ke panggilan grup sebagai saluran, mereka tidak dapat mengundang pengguna lain ke panggilan grup karena itu akan menyebabkan deanonimisasi, karena undangan akan dikirim menggunakan ID pengguna asli, bukan ID saluran anonim
INVITE_HASH_EMPTY Hash undangan kosong
INVITE_HASH_EXPIRED Tautan undangan obrolan tidak lagi valid
INVITE_HASH_INVALID Hash tautan undangan tidak valid
INVITE_REQUEST_SENT Permintaan untuk bergabung dengan obrolan atau saluran ini telah berhasil dikirim
INVITE_REVOKED_MISSING Tindakan ini memerlukan tautan undangan obrolan untuk dicabut terlebih dahulu
INVITE_SLUG_EMPTY Slug undangan kosong
INVITE_SLUG_EXPIRED Slug undangan telah kadaluarsa
INVOICE_PAYLOAD_INVALID Payload faktur yang ditentukan tidak valid
JOIN_AS_PEER_INVALID Peer yang ditentukan tidak dapat digunakan untuk bergabung dalam panggilan grup
LANG_CODE_INVALID Kode bahasa yang ditentukan tidak valid
LANG_CODE_NOT_SUPPORTED Kode bahasa yang ditentukan tidak didukung
LANG_PACK_INVALID Paket bahasa yang diberikan tidak valid
LASTNAME_INVALID Nama belakang tidak valid
LIMIT_INVALID Parameter batas tidak valid
LINK_NOT_MODIFIED Tautan obrolan tidak dimodifikasi karena Anda mencoba menghubungkan ke target yang sama
LOCATION_INVALID Lokasi file tidak valid
MAX_DATE_INVALID Tanggal maksimum yang ditentukan tidak valid
MAX_ID_INVALID Parameter max_id tidak valid
MAX_QTS_INVALID QTS yang diberikan tidak valid
MD5_CHECKSUM_INVALID Checksum file tidak cocok dengan parameter md5_checksum
MEDIA_CAPTION_TOO_LONG Keterangan media terlalu panjang
MEDIA_EMPTY Media yang Anda coba kirim tidak valid
MEDIA_FILE_INVALID File media yang diberikan tidak valid
MEDIA_GROUPED_INVALID Anda mencoba mengirim media dari berbagai jenis dalam satu album
MEDIA_INVALID Media tidak valid
MEDIA_NEW_INVALID Media baru untuk mengedit pesan tidak valid
MEDIA_PREV_INVALID Media sebelumnya tidak dapat diedit dengan yang lain
MEDIA_TTL_INVALID Media ttl tidak valid
MEDIA_TYPE_INVALID Jenis media yang ditentukan tidak dapat digunakan dalam cerita.
MEDIA_VIDEO_STORY_MISSING Media tidak memiliki foto atau video
MEGAGROUP_GEO_REQUIRED Metode ini hanya dapat dipanggil pada geogroup.
MEGAGROUP_ID_INVALID Supergroup tidak valid
MEGAGROUP_PREHISTORY_HIDDEN Tindakan gagal karena supergroup memiliki riwayat sebelumnya yang disembunyikan
MEGAGROUP_REQUIRED Permintaan ini hanya dapat digunakan dengan supergroup
MESSAGE_EDIT_TIME_EXPIRED Anda tidak dapat lagi mengedit pesan ini karena terlalu banyak waktu telah berlalu
MESSAGE_EMPTY Pesan yang dikirim kosong atau berisi karakter tidak valid
MESSAGE_IDS_EMPTY Pesan yang diminta tidak ada atau Anda tidak memberikan ID pesan
MESSAGE_ID_INVALID ID pesan tidak valid
MESSAGE_NOT_MODIFIED Pesan tidak dimodifikasi karena Anda mencoba mengeditnya menggunakan konten yang sama
MESSAGE_POLL_CLOSED Anda tidak dapat berinteraksi dengan jajak pendapat yang telah ditutup
MESSAGE_TOO_LONG Teks pesan terlalu panjang
METHOD_INVALID Metode API tidak valid dan tidak dapat digunakan
MIN_DATE_INVALID Tanggal minimum yang ditentukan tidak valid
MSG_ID_INVALID ID pesan yang digunakan di peer tidak valid
MSG_TOO_OLD Periode chat_read_mark_expire telah berlalu sejak pesan dikirim, tanda terima telah dihapus
MSG_VOICE_MISSING Pesan tidak mengandung pesan suara
MSG_WAIT_FAILED Panggilan tunggu mengembalikan kesalahan
MULTI_MEDIA_TOO_LONG Album/media grup mengandung terlalu banyak item
NEW_SALT_INVALID Garam baru tidak valid
NEW_SETTINGS_EMPTY Tidak ada kata sandi yang diatur di akun saat ini, dan tidak ada kata sandi baru yang ditentukan dalam `new_settings`
NEW_SETTINGS_INVALID Pengaturan baru tidak valid
NEXT_OFFSET_INVALID Nilai offset berikutnya tidak valid
NOGENERAL_HIDE_FORBIDDEN Parameter tersembunyi hanya valid untuk pesan topik Umum message_thread_id=1
OFFSET_INVALID Parameter offset tidak valid
OFFSET_PEER_ID_INVALID Peer offset yang diberikan tidak valid
OPTIONS_TOO_MUCH Opsi jajak pendapat terlalu banyak
OPTION_INVALID Opsi yang ditentukan tidak valid dan tidak ada dalam jajak pendapat target
ORDER_INVALID Urutan nama pengguna yang ditentukan tidak valid.
PACK_SHORT_NAME_INVALID Nama paket stiker tidak valid. Nama harus dimulai dengan huruf, tidak boleh mengandung garis bawah berturut-turut dan harus diakhiri dengan '_by_<bot username>'.
PACK_SHORT_NAME_OCCUPIED Paket stiker dengan nama ini sudah ada
PACK_TITLE_INVALID Judul paket stiker tidak valid
PARTICIPANTS_TOO_FEW Obrolan tidak memiliki cukup peserta
PARTICIPANT_ID_INVALID ID peserta yang ditentukan tidak valid
PARTICIPANT_JOIN_MISSING Mencoba mengaktifkan presentasi, saat pengguna belum bergabung dengan Video Chat dengan phone.joinGroupCall
PARTICIPANT_VERSION_OUTDATED Peserta lain menggunakan versi aplikasi Telegram yang sudah usang
PASSWORD_EMPTY Kata sandi yang diberikan kosong
PASSWORD_HASH_INVALID Kata sandi verifikasi dua langkah tidak valid
PASSWORD_MISSING Akun tidak memiliki kata sandi verifikasi dua langkah
PASSWORD_RECOVERY_EXPIRED Kode pemulihan telah kadaluarsa.
PASSWORD_RECOVERY_NA Email pemulihan kata sandi tidak tersedia
PASSWORD_REQUIRED Kata sandi verifikasi dua langkah diperlukan untuk metode ini
PASSWORD_TOO_FRESH_X Kata sandi verifikasi dua langkah baru saja ditambahkan dan Anda diharuskan menunggu {value} detik
PAYMENT_PROVIDER_INVALID Penyedia pembayaran tidak dikenali atau tokennya tidak valid
PEERS_LIST_EMPTY Daftar peers yang ditentukan kosong.
PEER_FLOOD Metode ini tidak dapat digunakan karena akun Anda saat ini terbatas
PEER_HISTORY_EMPTY Riwayat peer kosong
PEER_ID_INVALID ID peer yang digunakan tidak valid atau belum diketahui. Pastikan Anda bertemu dengan peer sebelum berinteraksi dengannya
PEER_ID_NOT_SUPPORTED ID peer yang diberikan tidak didukung
PERSISTENT_TIMESTAMP_EMPTY Argumen pts kosong
PERSISTENT_TIMESTAMP_INVALID Timestamp persisten tidak valid
PHONE_CODE_EMPTY Kode telepon hilang
PHONE_CODE_EXPIRED Kode konfirmasi telah kadaluarsa
PHONE_CODE_HASH_EMPTY Hash kode telepon hilang
PHONE_CODE_INVALID Kode konfirmasi tidak valid
PHONE_HASH_EXPIRED Hash kode telepon yang tidak valid atau telah kadaluarsa diberikan
PHONE_NOT_OCCUPIED Tidak ada pengguna yang terkait dengan nomor telepon yang ditentukan
PHONE_NUMBER_APP_SIGNUP_FORBIDDEN Anda tidak dapat mendaftar menggunakan aplikasi ini
PHONE_NUMBER_BANNED Nomor telepon dibanned dari Telegram dan tidak dapat digunakan
PHONE_NUMBER_FLOOD Nomor ini telah mencoba login terlalu banyak kali
PHONE_NUMBER_INVALID Nomor telepon tidak valid
PHONE_NUMBER_OCCUPIED Nomor telepon sudah digunakan
PHONE_NUMBER_UNOCCUPIED Nomor telepon belum digunakan
PHONE_PASSWORD_PROTECTED Ponsel dilindungi dengan kata sandi
PHOTO_CONTENT_TYPE_INVALID Tipe konten foto tidak valid
PHOTO_CONTENT_URL_EMPTY URL konten foto kosong
PHOTO_CROP_FILE_MISSING File pemangkasan foto hilang
PHOTO_CROP_SIZE_SMALL Foto terlalu kecil
PHOTO_EXT_INVALID Ekstensi foto tidak valid
PHOTO_FILE_MISSING File foto profil hilang
PHOTO_ID_INVALID ID foto tidak valid
PHOTO_INVALID Foto tidak valid
PHOTO_INVALID_DIMENSIONS Dimensi foto tidak valid
PHOTO_SAVE_FILE_INVALID Foto yang Anda coba kirim tidak dapat disimpan oleh Telegram
PHOTO_THUMB_URL_EMPTY URL thumbnail foto kosong
PHOTO_THUMB_URL_INVALID URL thumbnail foto tidak valid
PINNED_DIALOGS_TOO_MUCH Terlalu banyak dialog yang dipin
PIN_RESTRICTED Anda tidak dapat mem-pin pesan dalam obrolan pribadi dengan orang lain
PLATFORM_INVALID Platform yang diberikan tidak valid. Nilai yang diizinkan adalah "android", "ios", "wp", "bb", "desktop", "web", "ubp", "lainnya".
POLL_ANSWERS_INVALID Jawaban jajak pendapat tidak valid
POLL_ANSWER_INVALID Salah satu jawaban jajak pendapat tidak dapat diterima
POLL_OPTION_DUPLICATE Opsi duplikat dikirim dalam jajak pendapat yang sama
POLL_OPTION_INVALID Opsi jajak pendapat menggunakan data yang tidak valid (data mungkin terlalu panjang)
POLL_QUESTION_INVALID Pertanyaan jajak pendapat tidak valid
POLL_UNSUPPORTED Lapisan ini tidak mendukung jajak pendapat dalam metode yang dipanggil
POLL_VOTE_REQUIRED Anda harus memberikan suara dalam jajak pendapat sebelum memanggil metode ini
PREMIUM_ACCOUNT_REQUIRED Metode ini memerlukan akun pengguna premium
PREMIUM_GIFTCODE_WAS_REFUNDED Kode hadiah ini tidak dapat ditebus karena penyelenggara giveaway meminta pengembalian dana
PRIVACY_KEY_INVALID Kunci privasi tidak valid
PRIVACY_TOO_LONG Daftar pengecualian privasi Anda telah melebihi kapasitas maksimum
PRIVACY_VALUE_INVALID Nilai privasi tidak valid
PUBLIC_BROADCAST_EXPECTED Kanal publik diharapkan, tetapi yang lain disediakan
PUBLIC_KEY_REQUIRED Kunci publik diperlukan
QUERY_ID_EMPTY ID kueri kosong
QUERY_ID_INVALID ID kueri callback tidak valid
QUERY_TOO_SHORT Kueri terlalu pendek
QUIZ_ANSWER_MISSING Anda dapat meneruskan kuis sambil menyembunyikan penulis asli hanya setelah memilih opsi dalam kuis
QUIZ_CORRECT_ANSWERS_EMPTY Jawaban yang benar dari kuis kosong
QUIZ_CORRECT_ANSWERS_TOO_MUCH Kuis mengandung terlalu banyak jawaban yang benar
QUIZ_CORRECT_ANSWER_INVALID Jawaban yang benar dari kuis tidak valid
QUIZ_MULTIPLE_INVALID Kuis tidak dapat memiliki beberapa jawaban
QUOTE_TEXT_INVALID Teks kutipan tidak valid
RANDOM_ID_EMPTY ID acak kosong
RANDOM_ID_INVALID ID acak yang diberikan tidak valid
RANDOM_LENGTH_INVALID Panjang acak tidak valid
RANGES_INVALID Rentang yang diberikan tidak valid
REACTIONS_TOO_MANY Pengguna non-premium hanya dapat mengatur satu reaksi per pesan
REACTION_EMPTY Reaksi yang diberikan kosong
REACTION_INVALID Reaksi yang diberikan tidak valid (hanya emoji yang valid yang diizinkan)
REFLECTOR_NOT_AVAILABLE Reflektor panggilan tidak tersedia
REPLY_MARKUP_BUY_EMPTY Markup balasan untuk tombol beli kosong
REPLY_MARKUP_GAME_EMPTY Markup balasan yang diberikan untuk permainan kosong
REPLY_MARKUP_INVALID Markup balasan yang diberikan tidak valid
REPLY_MARKUP_TOO_LONG Markup balasan terlalu panjang
REPLY_MESSAGE_ID_INVALID ID pesan balasan tidak valid
REPLY_TO_INVALID Bidang `reply_to` yang ditentukan tidak valid.
REPLY_TO_USER_INVALID Pengguna yang dibalas tidak valid.
RESET_REQUEST_MISSING Tidak ada permintaan reset kata sandi yang sedang berlangsung
RESULTS_TOO_MUCH Hasil mengandung terlalu banyak item
RESULT_ID_DUPLICATE Hasil mengandung item dengan pengenal duplikat
RESULT_ID_EMPTY ID hasil kosong
RESULT_ID_INVALID Hasil yang diberikan tidak dapat digunakan untuk mengirim pemilihan ke bot
RESULT_TYPE_INVALID Tipe hasil tidak valid
REVOTE_NOT_ALLOWED Anda tidak dapat mengubah suara Anda
RIGHTS_NOT_MODIFIED Hak admin baru sama dengan hak lama, tidak ada perubahan yang dibuat
RSA_DECRYPT_FAILED Dekripsi RSA internal gagal
SAVED_DIALOGS_UNSUPPORTED Anda tidak dapat menggunakan metode ini
SCHEDULE_BOT_NOT_ALLOWED Bot tidak diizinkan untuk menjadwalkan pesan
SCHEDULE_DATE_INVALID Tanggal jadwal yang diberikan tidak valid
SCHEDULE_DATE_TOO_LATE Tanggal yang Anda coba jadwalkan terlalu jauh ke depan (lebih dari satu tahun)
SCHEDULE_STATUS_PRIVATE Anda tidak dapat menjadwalkan pesan sampai orang tersebut online jika privasi mereka tidak menunjukkan informasi ini
SCHEDULE_TOO_MUCH Anda mencoba menjadwalkan terlalu banyak pesan di obrolan ini
SCORE_INVALID Skor permainan yang ditentukan tidak valid
SEARCH_QUERY_EMPTY Kueri pencarian kosong
SEARCH_WITH_LINK_NOT_SUPPORTED Anda tidak dapat memberikan kueri pencarian dan tautan undangan sekaligus
SECONDS_INVALID Interval detik tidak valid
SEND_AS_PEER_INVALID Anda tidak dapat mengirim pesan sebagai peer yang ditentukan
SEND_MESSAGE_MEDIA_INVALID Media pesan tidak valid
SEND_MESSAGE_TYPE_INVALID Tipe pesan tidak valid
SESSION_TOO_FRESH_X Anda tidak dapat melakukan tindakan ini karena sesi saat ini baru saja login
SETTINGS_INVALID Pengaturan yang diberikan tidak valid
SHA256_HASH_INVALID Hash SHA256 yang diberikan tidak valid
SHORTNAME_OCCUPY_FAILED	An error occurred when trying to register the short-name used for the sticker pack. Try a different name
SHORT_NAME_INVALID	The specified short name is invalid
SHORT_NAME_OCCUPIED	The specified short name is already in use
SLOTS_EMPTY	The specified slot list is empty.
SLOWMODE_MULTI_MSGS_DISABLED	Slowmode is enabled, you cannot forward multiple messages to this group
SLUG_INVALID	The specified invoice slug is invalid.
SMS_CODE_CREATE_FAILED	An error occurred while creating the SMS code
SRP_ID_INVALID	Invalid SRP ID provided
SRP_PASSWORD_CHANGED	The password has changed
START_PARAM_EMPTY	The start parameter is empty
START_PARAM_INVALID	The start parameter is invalid
START_PARAM_TOO_LONG	The start parameter is too long
STICKERPACK_STICKERS_TOO_MUCH	There are too many stickers in this stickerpack, you can't add any more
STICKERSET_INVALID	The requested sticker set is invalid
STICKERSET_NOT_MODIFIED	The sticker set is not modified
STICKERS_EMPTY	The sticker provided is empty
STICKERS_TOO_MUCH	Too many stickers in the set
STICKER_DOCUMENT_INVALID	The sticker document is invalid
STICKER_EMOJI_INVALID	The sticker emoji is invalid
STICKER_FILE_INVALID	The sticker file is invalid
STICKER_GIF_DIMENSIONS	The specified video sticker has invalid dimensions
STICKER_ID_INVALID	The provided sticker id is invalid
STICKER_INVALID	The provided sticker is invalid
STICKER_MIME_INVALID	Make sure to pass a valid image file for the right InputFile parameter
STICKER_PNG_DIMENSIONS	The sticker png dimensions are invalid
STICKER_PNG_NOPNG	Stickers must be png files but the provided image was not a png
STICKER_TGS_NODOC	You must send the animated sticker as a document
STICKER_TGS_NOTGS	A tgs sticker file was expected, but something else was provided
STICKER_THUMB_PNG_NOPNG	A png sticker thumbnail file was expected, but something else was provided
STICKER_THUMB_TGS_NOTGS	Incorrect stickerset TGS thumb file provided.
STICKER_VIDEO_BIG	The specified video sticker is too big
STICKER_VIDEO_NODOC	You must send the video sticker as a document
STICKER_VIDEO_NOWEBM	A webm video file was expected, but something else was provided
STORAGE_KEY_REQUIRED	A cloud storage key is required.
STORIES_NEVER_CREATED	You have never created any stories
STORIES_TOO_MUCH	Too many stories in the current account
STORY_ID_EMPTY	You specified no story IDs.
STORY_ID_INVALID	The specified story ID is invalid.
STORY_NOT_MODIFIED	The new story information you passed is equal to the previous story information, thus it wasn't modified.
STORY_PERIOD_INVALID	The story period is invalid
STORY_SEND_FLOOD_MONTHLY_X	You've hit the monthly story limit as specified by the [`stories_sent_monthly_limit_*` client configuration parameters](https://core.telegram.org/api/config#stories-sent-monthly-limit-default): wait for the specified number of seconds before posting a new story.
STORY_SEND_FLOOD_WEEKLY_X	You've hit the weekly story limit as specified by the [`stories_sent_weekly_limit_*` client configuration parameters](https://core.telegram.org/api/config#stories-sent-weekly-limit-default): wait for the specified number of seconds before posting a new story.
SWITCH_PM_TEXT_EMPTY	The switch_pm.text field was empty
TAKEOUT_INVALID	The takeout id is invalid
TAKEOUT_REQUIRED	The method must be invoked inside a takeout session
TASK_ALREADY_EXISTS	An email reset was already requested.
TEMP_AUTH_KEY_ALREADY_BOUND	The passed temporary key is already bound to another perm_auth_key_id
TEMP_AUTH_KEY_EMPTY	The temporary auth key provided is empty
THEME_FILE_INVALID	Invalid theme file provided
THEME_FORMAT_INVALID	Invalid theme format provided
THEME_INVALID	Invalid theme provided
THEME_MIME_INVALID	You cannot create this theme because the mime-type is invalid
THEME_TITLE_INVALID	The specified theme title is invalid
TITLE_INVALID	The specified stickerpack title is invalid
TMP_PASSWORD_DISABLED	The temporary password is disabled
TMP_PASSWORD_INVALID	The temporary password is invalid
TOKEN_EMPTY	The specified token is empty.
TOKEN_INVALID	The provided token is invalid
TOKEN_SECRET_INVALID	The specified token secret is invalid
TOKEN_TYPE_INVALID	The specified token type is invalid.
TOPICS_EMPTY	You specified no topic IDs.
TOPIC_CLOSED	The topic was closed
TOPIC_CLOSE_SEPARATELY	The `close` flag cannot be provided together with any of the other flags.
TOPIC_DELETED	The topic was deleted
TOPIC_HIDE_SEPARATELY	The `hide` flag cannot be provided together with any of the other flags.
TOPIC_ID_INVALID	The provided topic ID is invalid
TOPIC_NOT_MODIFIED	The topic was not modified
TOPIC_TITLE_EMPTY	The specified topic title is empty.
TO_LANG_INVALID	The specified destination language is invalid
TRANSCRIPTION_FAILED	Telegram is having internal problems. Please try again later to transcribe the audio.
TTL_DAYS_INVALID	The provided TTL days is invalid
TTL_MEDIA_INVALID	The media does not support self-destruction
TTL_PERIOD_INVALID	The provided TTL period is invalid
TYPES_EMPTY	The types parameter is empty
TYPE_CONSTRUCTOR_INVALID	The type constructor is invalid
UNKNOWN_ERROR	Unknown error
UNTIL_DATE_INVALID	That date parameter is invalid
URL_INVALID	The URL provided is invalid
USAGE_LIMIT_INVALID	The usage limit is invalid
USERNAMES_ACTIVE_TOO_MUCH	The maximum number of active usernames was reached.
USERNAME_INVALID	The username is invalid
USERNAME_NOT_MODIFIED	The username was not modified because you tried to edit it using the same one
USERNAME_NOT_OCCUPIED	The username is not occupied by anyone
USERNAME_OCCUPIED	The username is already in use by someone else
USERNAME_PURCHASE_AVAILABLE	The username is available for purchase on fragment.com
USERPIC_UPLOAD_REQUIRED	You are required to upload a profile picture for this action
USERS_TOO_FEW	Not enough users (to create a chat, for example)
USERS_TOO_MUCH	The maximum number of users has been exceeded (to create a chat, for example)
USER_ADMIN_INVALID	The action requires admin privileges. Probably you tried to edit admin privileges on someone you don't have rights to
USER_ALREADY_INVITED	You have already invited this user
USER_ALREADY_PARTICIPANT	The user is already a participant of this chat
USER_BANNED_IN_CHANNEL	You are limited from sending messages in supergroups/channels, check @SpamBot for details
USER_BLOCKED	The user is blocked
USER_BOT	Bots in channels can only be administrators, not members.
USER_BOT_INVALID	This method can only be used by a bot
USER_BOT_REQUIRED	The method can be used by bots only
USER_CHANNELS_TOO_MUCH	The user is already in too many channels or supergroups
USER_CREATOR	You can't leave this channel because you're its creator
USER_ID_INVALID	The user id being used is invalid or not known yet. Make sure you meet the user before interacting with it
USER_INVALID	The provided user is invalid
USER_IS_BLOCKED	The user blocked you
USER_IS_BOT	A bot cannot send messages to other bots or to itself
USER_KICKED	This user was kicked from this chat
USER_NOT_MUTUAL_CONTACT	The user is not a mutual contact
USER_NOT_PARTICIPANT	The user is not a member of this chat
USER_PUBLIC_MISSING	The accounts username is missing
USER_VOLUME_INVALID	The specified user volume is invalid
VENUE_ID_INVALID	The specified venue ID is invalid.
VIDEO_CONTENT_TYPE_INVALID	The video content type is invalid (i.e.: not streamable)
VIDEO_FILE_INVALID	The video file is invalid
VIDEO_TITLE_EMPTY	The specified video title is empty
VOICE_MESSAGES_FORBIDDEN	Voice messages are restricted
VOLUME_LOC_NOT_FOUND	The volume location can't be found
WALLPAPER_FILE_INVALID	The provided file cannot be used as a wallpaper
WALLPAPER_INVALID	The input wallpaper was not valid
WALLPAPER_MIME_INVALID	The wallpaper mime type is invalid
WALLPAPER_NOT_FOUND	The specified wallpaper could not be found.
WC_CONVERT_URL_INVALID	WC convert URL invalid
WEBDOCUMENT_INVALID	The web document is invalid
WEBDOCUMENT_MIME_INVALID	The web document mime type is invalid
WEBDOCUMENT_SIZE_TOO_BIG	The web document is too big
WEBDOCUMENT_URL_EMPTY	The web document URL is empty
WEBDOCUMENT_URL_INVALID	The web document URL is invalid
WEBPAGE_CURL_FAILED	Telegram server could not fetch the provided URL
WEBPAGE_MEDIA_EMPTY	The URL doesn't contain any valid media
WEBPAGE_NOT_FOUND	Webpage not found
WEBPAGE_URL_INVALID	Webpage url invalid
WEBPUSH_AUTH_INVALID	The specified web push authentication secret is invalid
WEBPUSH_KEY_INVALID	The specified web push elliptic curve Diffie-Hellman public key is invalid
WEBPUSH_TOKEN_INVALID	The specified web push token is invalid
YOU_BLOCKED_USER	You blocked this user